Question,Answer
"How can I track my complaint?","You can track it in the profile section."
"Can I submit a complaint anonymously?","Yes, toggle the anonymity switch."
"What categories can I complain about?","There are various categories including service, product, and others."
"How long does it take to process?","Processing time varies based on severity."
"Can I attach an image?","Yes, tap the camera icon to add an image."
"Will I receive updates on my complaint?","Yes, you will be notified via email."
"What services are available at the healthcare center?","The healthcare center provides medical consultations, emergency care, mental health support, vaccinations, and health screenings."
"How do I schedule an appointment?","Appointments can be scheduled by calling the healthcare center or visiting in person during office hours."
"Is there emergency care available?","Yes, emergency care is available 24/7 for urgent medical situations."
"What mental health services are offered?","Mental health services include counseling, therapy sessions, and support groups for students."
"Are vaccinations provided free of charge?","Some vaccinations are free for students, while others may require a small fee. Check with the healthcare center for details."
"How do I access my medical records?","Medical records can be accessed by requesting them from the healthcare center's administrative office."
"What should I do in case of a medical emergency?","In case of a medical emergency, call the emergency number or visit the healthcare center immediately."
"Are there health education programs available?","Yes, the healthcare center regularly conducts health education programs and workshops for students."
"How do I report a health-related incident?","Health-related incidents can be reported to the healthcare center staff or through the university's incident reporting system."
"What are the chapel service times?","Chapel services are held on Sundays at 10:00 am and Wednesdays at 4:30 pm plus daily Morning devotions."
"How can I volunteer for chapel services?","Contact the Chapel Office to sign up for volunteering opportunities during services."
"Is there a chapel choir?","Yes, the chapel has a choir. Interested students can join by contacting the Chapel Office."
"How can I schedule a meeting with the chaplain?","Appointments can be made by contacting the Chapel Office directly."
"Are there any Bible study groups?","Yes, the Chapel Office organizes Bible study groups. Inquire at the office for meeting times."
"Can I host a religious event in the chapel?","To host an event, request approval from the Chapel Office, providing necessary details."
"What events are organized by the chapel?","The chapel organizes regular prayer meetings, religious conferences, and fellowship gatherings."
"How do I donate to the chapel?","Donations can be made directly at the Chapel Office or via the university's online donation portal."
"Are there any prayer rooms on campus?","The Chapel Office provides information on available prayer rooms on campus."
"What is the chapel's role in student life?","The chapel supports spiritual growth through services, counseling, and community activities."
"What are the cafeteria meal times?","Meals are served from 7:00 am to 9:00 pm daily. Specific times for breakfast, lunch, and dinner vary."
"Can I suggest a new meal to the cafeteria menu?","Yes, students can submit meal suggestions to the Cafeteria Office for consideration."
"How do I pay for meals?","Meals can be paid for using cash, meal cards, or the student payment system."
"Is there a vegetarian option in the cafeteria?","Yes, the cafeteria provides vegetarian and vegan meal options."
"How do I apply for a meal plan?","Meal plan applications can be submitted to the Cafeteria Office at the beginning of the semester."
"Are there any discounts for students?","The cafeteria offers discounts for students who purchase meal plans or bulk meal tickets."
"Is the cafeteria open on holidays?","The cafeteria operates with limited hours on holidays. Check with the Cafeteria Office for specific schedules."
"Can I order food for an event?","Yes, catering services are available for events. Contact the Cafeteria Office for more details."
"What is the cafeteria's policy on food allergies?","The cafeteria provides information on allergens in food. Inform staff about allergies when ordering."
"How do I become a cafeteria staff member?","Students can apply for part-time positions at the Cafeteria Office."
"How do I apply for hostel accommodation?","Submit a hostel application form to the Hostel Office along with required documents and payment."
"What are the hostel rules and regulations?","Hostel rules are available in the student handbook and posted in common areas. Follow them to maintain a peaceful environment."
"How do I report maintenance issues?","Report maintenance issues to the hostel office or use the maintenance request form available online."
"What are the hostel fees and payment schedule?","Hostel fees are payable at the beginning of each semester. Check the finance office for current rates."
"How do I request a room change?","Submit a room change request form to the hostel office. Changes are subject to availability."
"What facilities are available in the hostel?","Hostel facilities include dining halls, laundry rooms, study areas, and recreational spaces."
"How do I access the hostel after hours?","Late entry requires prior permission from the hostel office. Follow security protocols."
"What should I do in case of an emergency?","Contact the hostel office immediately or call the emergency number posted in the hostel."
"How do I check out of the hostel?","Submit a checkout form to the hostel office and return all keys and equipment."
"How do I borrow books from the library?","Present your student ID at the circulation desk to borrow books. You can also use the self-checkout system."
"What are the library hours?","The library is open from 8:00 AM to 10:00 PM on weekdays and 9:00 AM to 6:00 PM on weekends."
"How do I access online databases?","Access online databases through the library's website using your student credentials."
"Can I reserve study rooms?","Yes, study rooms can be reserved online or at the library desk for group study sessions."
"How do I request a book that's not available?","Use the interlibrary loan service or request the book through the library's online catalog."
"What printing services are available?","The library offers printing, scanning, and photocopying services. Payment can be made with your student account."
"How do I get research assistance?","Visit the reference desk or schedule an appointment with a librarian for research assistance."
"Are there library workshops available?","Yes, the library regularly conducts workshops on research skills, citation, and database usage."
"How do I renew my borrowed books?","Renew books online through your library account or contact the circulation desk."
"How do I reset my password?","Visit the IT Support office or use the online password reset portal with your student ID."
"What should I do if I can't access the student portal?","Contact the IT Support office immediately. They can help troubleshoot access issues."
"How do I connect to the university WiFi?","Use your student credentials to connect to the university WiFi network. Contact IT Support if you encounter issues."
"What software is available in the computer labs?","Computer labs have various software including Microsoft Office, programming tools, and specialized academic software."
"How do I report a computer lab issue?","Report issues to the lab supervisor or contact the IT Support office directly."
"Can I get help with my personal device?","IT Support can help with university-related software and network connectivity issues on personal devices."
"How do I access my university email?","Access your university email through the student portal or email client using your student credentials."
"What should I do if my account is locked?","Contact the IT Support office to unlock your account. You may need to provide identification."
"Are there IT training sessions available?","Yes, IT Support offers training sessions on various software and systems. Check their schedule for upcoming sessions."
"How do I report a hardware malfunction?","Contact the Technical Support office immediately or submit a ticket through the online system."
"What should I do if my computer won't start?","Check power connections first, then contact Technical Support for assistance."
"How do I request software installation?","Submit a software installation request through the Technical Support portal or visit their office."
"What are the office hours for technical support?","Technical Support is available from 8:00 AM to 6:00 PM on weekdays and 9:00 AM to 3:00 PM on weekends."
"How do I report a network issue?","Report network issues to Technical Support immediately as they may affect multiple users."
"Can I get help with my personal device?","Technical Support can assist with university-related software and network connectivity on personal devices."
"How do I schedule a technical training session?","Contact Technical Support to schedule training sessions on various software and systems."
"What should I do if I can't access university systems?","Contact Technical Support immediately as this may be a system-wide issue."
"How do I report a security concern?","Report security concerns directly to Technical Support or through the university's security hotline."
"How do I pay my tuition fees?","Tuition fees can be paid through the university's online payment portal or at designated bank branches."
"What financial aid options are available?","The university offers scholarships, grants, and loans. Apply through the Financial Aid section on the student portal."
"How can I check my account balance?","Log in to your student account on the finance portal to view your balance and transaction history."
"What should I do if I am facing financial difficulties?","Contact the Financial Aid office for counseling and assistance options."
"How do I apply for a payment plan?","Submit a payment plan application through the finance portal or by contacting the finance office directly."
"Are there any emergency funds available for students?","Emergency funds are available on a case-by-case basis. Apply through the Financial Aid office."
"How do I receive refunds for overpaid fees?","Refunds are processed through the finance office. Submit a refund request form available on the finance portal."
"Can I get a copy of my financial statements?","Financial statements can be downloaded from your finance portal account or requested from the finance office."
"What scholarships are available for incoming students?","Information on scholarships for new students is available on the admissions page of the university website."
"How do I contact my academic advisor?","You can contact your academic advisor through the department or send your complaint via mtu conecthub or via email."
"What should I do if I feel my academic advisor is not responding?","Please escalate the issue by contacting the academic office directly."
"How can I change my assigned academic advisor?","To request a change, please reach out to the Academic Affairs department."
"What types of academic issues can be raised in a complaint?","You can raise concerns related to course content, advisor support, or academic resources."
"Can I request an extension on an assignment due to academic advising issues?","Yes, extensions can be requested based on valid academic advisory issues; please provide documentation."
"How can I get support for academic planning and course selection?","Contact your academic advisor or schedule an appointment with the advising office."
"How long should I expect to wait for a response to my academic complaint?","Responses typically take 5-7 business days depending on the complexity of the issue."
"Can I submit a complaint if I'm unsatisfied with my advisor's guidance on career prospects?","Yes, career advising concerns can be raised with the Academic Affairs office."
"What happens after I submit an academic complaint?","Your complaint will be reviewed by the appropriate department and you will be notified of the next steps."
"How do I apply for inter-university transfer?","Submit an application along with your academic transcripts and other required documents to the College Office."
"What scholarships are available through the college?","The College Office provides information on scholarships based on merit and need. Inquire about available scholarships each academic year."
"How can I participate in college events?","Join the college's student council or volunteer for events by contacting the College Office."
"Where can I find the college's academic calendar?","The academic calendar is available on the university's official website and at the College Office."
"How do I register for college workshops and seminars?","Register through the College Office or the event coordinator."
"What is the process for nominating a student for awards?","Nominations are submitted by faculty members to the College Office, which reviews and forwards them to the awards committee."
"How can I access college newsletters?","Subscribe to newsletters through the College Office or the university's mailing list."
"Who do I contact for issues related to college facilities?","Contact the College Office for concerns regarding facilities and maintenance."
"How do I provide feedback about college services?","Submit feedback forms available at the College Office or through the university's online portal."
"What are the office hours of the College Office?","The College Office operates from 9:00 am to 4:00 pm, Monday to Friday."
"What is the procedure for changing my course?","To change a course, submit a completed course change form to the Department Office within the first two weeks of the semester."
"How do I apply for a leave of absence?","Complete the leave of absence form and submit it to the Department Office for approval."
"Where can I find my academic transcript?","Academic transcripts can be requested through the Department Office or the Registrar's Office."
"How do I appeal a grade?","Submit a formal grade appeal letter to the Department Office within one month after the grades are released."
"What are the graduation requirements?","Graduation requirements include completing all required courses, achieving a minimum CGPA, and fulfilling any departmental mandates."
"How can I obtain a recommendation letter?","Request a recommendation letter from your academic advisor or department head, providing necessary details about your achievements."
"What is the process for transferring between departments?","Department transfer applications are reviewed based on academic performance and availability of space. Submit your application to the Department Office."
"How do I access past examination papers?","Past examination papers are available in the Department Office or the university's digital repository."
"Who do I contact for academic advising?","Contact your assigned academic advisor or the Department Office for guidance."
"How do I join a student organization?","Visit the Student Affairs office to get information about available organizations and their registration process."
"How do I organize a campus event?","Submit an event proposal to the Student Affairs office at least two weeks before the event date."
"What are my rights as a student?","Student rights are outlined in the student handbook. Contact Student Affairs for specific questions."
"How do I report a disciplinary issue?","Report disciplinary issues to the Student Affairs office or through the university's reporting system."
"How can I get involved in student government?","Elections are held annually. Contact Student Affairs for information about candidacy and voting."
"What community service opportunities are available?","Student Affairs coordinates various community service programs. Check their office for current opportunities."
"How do I access student life resources?","Student life resources are available through the Student Affairs office and online portal."
"What orientation programs are offered?","Orientation programs are held at the beginning of each academic year. Contact Student Affairs for schedules."
"How do I file a grievance?","File grievances through the Student Affairs office using the official grievance form." 